"","x"
"1","Max Planck Institute for Biology and Ageing"
"2","CSIRO Adelaide, Australia"
"3","Lancaster University, Lancaster, UK"
"4","Stanford University, Stanford CA"
"5","University of Texas, Austin TX"
"6","Ben Gurion University, Beer Sheva, Israe"
"7","Amherst College, Amherst MA"
"8","International Institute of Molecular and Cell Biology in Warsaw, Warsaw, Poland"
"9","Waksman Institute, Piscataway NJ"
"10","Harvard University, Cambridge, MA"
"11","Massachusetts General Hospital, Charlestown, MA"
"12","ETH Zurich, Zurich, Switzerland"
"13","East Virginia Medical School, Norfolk VA"
"14","Ohio State University, Wooster, OH"
"15","Cleveland State University, Cleveland OH"
"16","NCI, Frederick MD"
"17","University of Wisconsin, Milwaukee W"
"18","Salk Institute, La Jolla CA"
"19","Fairfield University, Fairfield CT, USA."
"20","Johns Hopkins University, Baltimore, MD"
"21","Boston University School of Medicine, Boston, MA"
"22","University of Pittsburgh, Pittsburgh PA"
"23","UMDNJ, Piscataway NJ"
"24","University of Zurich, Zurich, Switzerland"
"25","Uppsala University, Uppsala, Sweden"
"26","Northwestern University, Chicago IL"
"27","University of Delaware, Newark, DE"
"28","Concordia University, Montreal, Canada"
"29","Catholic Univ of America, Washington DC"
"30","University of Sydney, Sydney, Australia"
"31","St. Catherine University, St. Paul, MN"
"32","University of Potsdam,Institute for Biochemistry and Biology, Karl-Liebknecht-Str. 24 - 25, Haus 26, 14476 Golm, GERMANY."
"33","University of Illinois, Chicago IL"
"34","University of Texas Health Science Center, TX"
"35","Technion-IIT, Haifa, Israel"
"36","University of Toronto, Ontario, Canada"
"37","Northwestern University, Evanston IL"
"38","University of Oxford, Oxford, England"
"39","University of Liverpool, Liverpool, UK"
"40","Southwestern Oklahoma State University, OK"
"41","University of Maryland, College Park MD"
"42","Princeton University, Princeton, NJ"
"43","Suffolk University, Boston, MA"
"44","Centre for Genomic Regulation (CRG), Barcelona, Spain"
"45","University of Haifa at Oranim, Tivon, Israel"
"46","Baylor College of Medicine, Houston TX"
"47","LBMC-ENS Lyon, France"
"48","University of Toronto, Toronto, Ontario, Canada"
"49","Universidad Catolica de Chile, Santiago, Chile"
"50","MDIBL, Salisbury Cove ME"
"51","Okazaki Institute for Integrative Science, Okazaki, Aichi, Japan"
"52","University of Fribourg, Fribourg, Switzerland"
"53","University of Sydney, Camperdown, Australia"
"54","Whitworth University, Spokane, WA"
"55","University of Oxford, Oxford, England"
"56","University of Warwick, Coventry, UK"
"57","University of Rochester Medical Center, Rochester, NY"
"58","MRC-LMB, Cambridge, England"
"59","FHCRC, Seattle WA"
"60","UCLA, Los Angeles CA"
"61","University of Washington, Seattle, WA"
"62","Fundacion Instituto Leloir, Buenos Aires, Argentina"
"63","University of Toronto, Canada"
"64","NC State University, Raleigh, NC"
"65","Worcester Polytechnic Institute, Worcester MA"
"66","The Ohio State University, Columbus, OH"
"67","University of Sheffield, Sheffield, England"
"68","Ohio University, Athens OH"
"69","Kennesaw State University, Kennesaw, GA"
"70","Karolinska Institute, Stockholm, Sweden"
"71","Massachusetts General Hospital, Boston MA"
"72","MD Anderson Cancer Research Center, Houston TX"
"73","Swiss Federal Institute of Technology, Lausanne, Switzerland"
"74","Stanford University, Stanford CA"
"75","AVB BioPharma, Corvallis OR"
"76","Illinois State University, Illinois, IL"
"77","University of Rochester, Rochester N"
"78","University of Oxford, Oxford, England"
"79","University of California, San Francisco CA"
"80","University of Toronto, Ontario, Canada"
"81","MRC-LMB, Cambridge, England"
"82","Duke University, Durham NC"
"83","St Lawrence University, Canton NY"
"84","University of Chicago, Midway IL"
"85","University of Arizona, Tucson AZ"
"86","IISER, Mohali, India"
"87","Brigham Young Univ, Provo UT"
"88","MRC Toxicology Unit,Hodgkin Building,University of Leicester, Lancaster Road 138, Leicester LE19HN (UK)"
"89","University College, London, UK"
"90","Max Delbruck Center, Berlin, Germany"
"91","Harvard Medical School, Boston MA"
"92","University of Utah, Salt Lake City UT"
"93","Fujian Academy of Agricultural Sciences, Fujian, China"
"94","Simon Fraser University, Vancouver, B.C."
"95","CRG, Barcelona, Spain"
"96","Universitaet Wrzburg, Wuerzburg, Germany"
"97","University of Tokyo, Tokyo, Japan"
"98","University of California, Santa Cruz CA"
"99","Pharmacology Department,University of Michigan,1150 W. Medical Center Dr.1301D MSRB III,Ann Arbor, MI 48109. USA."
"100","University of Antwerp, Antwerp, Belgium"
"101","Eugene   Hubrecht Institute,Uppsalalaan 8, 3584 CT, Utrecht, The Netherlands."
"102","University of Paris, Orsay, France"
"103","Tel Aviv University, Tel Aviv, Israel"
"104","University of Wisconsin, Madison WI"
"105","Simon Fraser University, Vancouver, B.C."
"106","University of California, Santa Cruz CA"
"107","Baylor College of Medicine, Houston, TX"
"108","Institute of Cancer Biology, Copenhagen, Denmark"
"109","Johannes Gutenberg Univ, Mainz, Germany"
"110","University of North Dakota, Grand Forks ND"
"111","FHCRC, Seattle WA"
"112","University of Cologne, Cologne, Germany"
"113","University of Kansas, Lawrence KS"
"114","University of Colorado, Denver CO"
"115","University of Miami, Miami FL,33136. USA"
"116","Hangzhou Normal University, Hang'zhou, China"
"117","Boston Biomedical Research Institute,Boston MA"
"118","Centro Andaluz de Biologia del Desarrollo - CABD, Sevilla, Spain"
"119","University of Sussex, Brighton, UK"
"120","Dept Bioengineering, Univ. California -San Diego,417 Powell-Focht Bioengineering Hall,9500 Gilman Drive, La Jolla,CA 92093-0412,USA."
"121","Utrecht University, Utrecht, The Netherlands"
"122","Technion IIT, Haifa, Israel"
"123","Vanderbilt University School of Medicine"
"124","Bioinf. and Mol. Genetics, Freiburg, Germany"
"125","Academica Sinica, Taipei, Taiwan"
"126","BRFAA, Athens, Greece."
"127","Washington University, St. Louis MO"
"128","Naturhistorikiska Riksmuseet, Stockholm, Sweden"
"129","University of Maryland, Baltimore MD"
"130","National Chiao Tung University, Hsinchu, Taiwan"
"131","University of Iowa, Iowa City IA"
"132","Baylor University, Waco TX"
"133","Sloan-Kettering Institute, New York"
"134","University of Colorado, Boulder CO"
"135","Baldwin Wallace University, Berea, OH"
"136","Washington State University, Pullman WA"
"137","Monash University, Clayton, Victoria, Australia"
"138","Florida Atlantic University"
"139","Brigham Young University, Provo UT"
"140","University of California, San Francisco CA"
"141","Lawrence Berkeley National Lab, Berkeley CA"
"142","National Inst of Genetics, Mishima, Japan"
"143","University of Oxford, Oxford, England"
"144","Middlebury College, Middlebury VT"
"145","University of Nottingham, Derby England"
"146","Zhejiang University, Hangzhou, China"
"147","Coastal Carolina University, Conway, SC"
"148","Axys Pharmaceuticals, South San Francisco CA"
"149","Purdue University, West Lafayette IN"
"150","Exelixis Pharmaceuticals, San Francisco CA"
"151","University of Sasckatchewan, Saskatoon, Canada"
"152","Fondacion IDIBELL, Barcelona, Spain"
"153","University of Sao Paulo, Sao Paulo, Brazil"
"154","Calico Life Sciences, South San Francisco, CA"
"155","University of Florida, Gainsville, FL"
"156","UCLA, Los Angeles CA"
"157","King Abdullah University of Science and Technology, Jeddah, Saudi Arabia"
"158","Texas A&M University, College Station TX"
"159","CGC, University of Minnesota, MN"
"160","Northwestern University, Chicago IL"
"161","Children's Hospital Boston, Boston MA"
"162","State University of New York, Oswego NY"
"163","University College London, London UK"
"164","The UT Health Science Center at San Antonio, San Antonio, TX"
"165","FMLS, Frankfurt, Germany"
"166","Penn State University, University Park, PA"
"167","University of Washington, Seattle WA"
"168","University of Colorado, Boulder CO"
"169","University of Pittsburgh, Pittsburgh, PA"
"170","University of Glasgow, Glasgow, UK"
"171","Western Washington University, WA"
"172","National Taiwan University, Taipei, Taiwan"
"173","Ohio State University, Columbus OH"
"174","University of Cambridge, UK"
"175","University of Massachusetts Medical School, Worcester MA"
"176","Georgia State University, Atlanta GA"
"177","University of British Columbia, Vancouver, Canada"
"178","Siena College, Loudonville, NY"
"179","Zentrum fr Molekulare Biologie der Universitaet Heidelberg, Heidelberg, Germany"
"180","UC Irvine, CA 92697-2300 USA"
"181","Knudra Tech, Salt Lake City UT"
"182","University of Maryland, College Park MD"
"183","Princeton University, Princeton NJ"
"184","University of Pavia, Pavia, Italy"
"185","Princeton University, Princeton NJ"
"186","Albert Einstein College of Medicine, Bronx NY"
"187","Osaka University, Osaka, Japan"
"188","Departamento de Genetica,Edificio C-5 Gregor Mendel, 1 Planta, Campus de Rabanales, Universidad de Cordoba,14071 Cordoba. Spain"
"189","Queens College/CUNY, Flushing NY"
"190","Central South University, Changsha, China"
"191","Rutgers University, Piscataway NJ"
"192","Harvard University, Boston, MA"
"193","King's College London, London UK"
"194","University of Colorado, Boulder CO"
"195","Charles University, Prague, Czech Republic"
"196","Harvard Medical School, Cambrige MA"
"197","California State University Northridge, Northridge CA"
"198","Case Western Reserve University, Cleveland OH"
"199","University of California, San Francisco CA"
"200","National Institute on Aging, Baltimore MD"
"201","Cornell University; Ithaca NY, United States of America"
"202","University of California, San Diego, CA"
"203","VCU, Richmond VA"
"204","Universite de Fribourg, Fribourg, Switzerland"
"205","University of Buenos Aires, Argentina"
"206","Max Perutz Laboratories, Vienna, Austria"
"207","University of Otago, Dunedin, New Zealand"
"208","North Carolina State University, Raleigh NC"
"209","University of California, San Francisco, CA"
"210","DZNE, Tuebingen, Germany"
"211","Nanjing University, Nanjing, China"
"212","Daniel Yale University, New Haven CT"
"213","Illinois State University, Normal IL"
"214","St. John Fisher College, Rochester NY"
"215","National Institutes of Health, Bethesda, MD"
"216","The University of Nottingham, Nottingham, UK"
"217","Mt Sinai Hosp. Res. Inst., Toronto, Canada"
"218","Midwestern University, Glendale AZ"
"219","New York University, New York NY"
"220","University of Minnesota, Minneapolis, MN"
"221","Columbia University, New York NY"
"222","University of Hertfordshire, Hatfield, Hertfordshire, UK"
"223","Divergence Inc, St. Louis, MO"
"224","UT Southwestern Med Ctr, Dallas TX"
"225","The Colorado College, Colorado Springs, CO"
"226","Harvard University, Cambridge MA"
"227","East Carolina University, NC"
"228","NAIST, Tsukuba, Japan"
"229","National Institute of Genetics, Mishima, Japan"
"230","Novartis Institutes for Biological Research, Cambridge MA"
"231","University of Washington, Seattle WA"
"232","University of Oregon, Eugene, OR"
"233","University of British Columbia, Vancouver B.C., Canada"
"234","George Washington University, Washington DC"
"235","Syracuse University, Syracuse, NY"
"236","UCSF, San Francisco, CA"
"237","Dept. of Biology"
"238"," UCSF, San Francisco CA"
"239","University of Alberta, Edmonton, Canada"
"240","Whitehead Institute for Biomedical Research, Cambridge, MA"
"241","CRBM/CNRS, Montpellier, France"
"242","California State University, Hayward CA"
"243","Duke University, Durham NC"
"244","University of British Columbia, Vancouver, Canada"
"245","University of Goettingen, Goettingen, Germany"
"246","University of Utah, Salt Lake City UT"
"247","College of William & Mary, Williamsburg VA"
"248","Synergen, Boulder CO"
"249","University of Minnesota, Minneapolis MN"
"250","IECB (Bordeaux), Pessac, France"
"251","Mount Desert Island Biological Laboratory, ME "
"252","Texas A&M Health Science Center, Houston TX"
"253","CECAD-University of Colongne, Cologne, Germany"
"254","ICRF Clare Hall, South Mimms, UK"
"255","Colorado State University, Fort Collins CO"
"256","SUNY-UMU, Syracuse NY"
"257","Ohio Wesleyan University, Delaware OH"
"258","McMaster University, Hamilton, Canada"
"259","Erciyes University, Kayseri, Turkey"
"260","University of Minnesota, Minneapolis MN"
"261","LSUMC, Shreveport LA"
"262","Pharmacogenomics Section, Molecular Pharmacology Labs, Departments of Neurology and Psychiatry, Mailman Research Center, McLean Hospital/Harvard Medical School, 115 Mill St. Belmont, MA 02478, USA."
"263","Florida Institute of Technology, Melbourne, FL"
"264","UCLA, Los Angeles CA"
"265","University of the South, Sewanee, TN"
"266","Albert Einstein College of Medicine, Bronx NY"
"267","University of Gottingen, Gottingen, Germany"
"268","Northwestern University, Evanston IL"
"269","University of Glasgow, Glasgow, Scotland"
"270","Institute of Evolutionary Biology, University of Edinburgh, Edinburgh, UK"
"271","University Autonomous of Barcelona, Barcelona, Spain"
"272","University of Pennsylvania, Philadelphia PA"
"273","Pomona College, Claremont, CA"
"274","Institut de Biologie de l'Ecole Normale Superieure, Paris, France"
"275","University of Chicago, Chicago IL"
"276","University College London, London, England"
"277","University of Utah, Salt Lake City UT"
"278","Dartmouth College, Hanover, NH"
"279","University of Minnesota, St. Paul MN"
"280","Hebrew University, Jerusalem, Israel"
"281","Ludwig-Maximilians-University, Munich, Germany"
"282","VU University Amsterdam, Amsterdam, The Netherlands"
"283","Indiana University, Bloomington, IN"
"284","Columbia University, New York NY"
"285","University of Michigan, Ann Arbor MI"
"286","Osaka City Inoversity, Osaka, Japan"
"287","Syracuse University, Syracuse NY"
"288","University of Pittsburgh, Pittsburgh, PA"
"289","Albert Einstein College of Medicine, Bronx NY"
"290","Fairleigh Dickinson University,Department of Biology, 285 Madison Ave, M-SB1-01 Madison, NJ  07940, USA"
"291","Universite Claude Bernard Lyon 1, Lyon, France"
"292","University of Zurich, Zurich, SPAIN"
"293","Elixir Pharmaceuticals, Cambridge MA"
"294","ARS USDA, Beltsville MD"
"295","University of Michigan, Ann Arbor MI"
"296","Georgia State University, Atlanta GA"
"297","New York University, NY"
"298","Harvard  University, Cambridge MA"
"299","Biological Sciences, UCSD, San Diego CA"
"300","University of Cologne, Germany"
"301","University of Alabama, Birmingham AL"
"302","University of Georgia, Athens GA"
"303","University of Oregon, Eugene OR"
"304","Martin-Luther-University Halle-Wittenberg, Halle (Saale), Germany"
"305","Hebrew University of Jerusalem, Jerusalem, Israel"
"306","University of Kansas, Lawrence, KS"
"307","UMBC, Baltimore, MD"
"308","Baylor College of Medicine, Houston TX"
"309","MPI Molecular Genetics, Berlin, Germany"
"310","McGill University, Montreal, Canada"
"311","Harvard Medical School, Boston, MA"
"312","University of Basel, Switzerland"
"313","Central Washington University, Ellensburg WA"
"314","Centre de Recherche de l'Hpital Maisonneuve-Rosemont, Montreal, Canada"
"315","University of Geneva, Geneva, Switzerland"
"316","University of Birmingham, Birmingham, UK"
"317","University of Connecticut, Farmington CT"
"318","Cornell University, Ithaca NY"
"319","McGill University, Montreal, Canada"
"320","Fudan University Institutes of Brain Science, Shanghai, China"
"321","Rutgers University, Piscataway, NJ"
"322","University of South Denmark, Odense, Denmark"
"323","University of Kiel, Kiel, Germany"
"324","NCBI, Bethesda MD"
"325","University at Buffalo"
"326","University of Dundee, Dundee, UK"
"327","Haverford College, Haverford PA"
"328","Tufts University, Boston, MA"
"329","Colorado State University, Fort Collins, CO"
"330","Iowa State University, Ames IA"
"331","Sojo University, Ikeda, Kumamoto-city, Japan"
"332","Universite de Rennes, Rennes, France"
"333","University of California, Davis CA"
"334","Rensselaer Polytechnic Institute, Troy NY"
"335","Institut de Biomedicina, Valencia, Spain"
"336","Molecular Neurobiology Program, The Skirball Institute of Biomolecular Medicine, NYU Medical Center, 540 First Avenue,New York City, NY 10016. USA"
"337","University of Fribourg, Fribourg, Switzerland"
"338","Florida State University, Tallahassee FL"
"339","Skirball Institute of Biomolecular Medicine"
"340","Chinese Academy of Sciences, Beijing, China"
"341","Max-Planck Institute, Martinsried, Germany"
"342","California State University, Fresno CA"
"343","University of Washington, Seattle WA"
"344","Tokyo Women's Medical College, Tokyo, Japan"
"345","University of Toledo, Toledo, OH"
"346","Utrecht University, Utrecht, The Netherlands"
"347","University College, London, UK"
"348","Hubrecht University, Utrecht, The Netherlands"
"349","University of Helsinki, Helsinki, FINLAND"
"350","Emory University, Atlanta GA"
"351","Universiteit Gent, Gent, Belgium"
"352","New York University, New York NY"
"353","IBMC, Porto, Portugal"
"354","Georgian Court University, Lakewood, NJ"
"355","University of Calgary, Calgary, Canada"
"356","TU Braunschweig, Braunscshweig, Germany"
"357","University of Texas, Houston TX"
"358","MPI, Gottingen, Germany"
"359","Lewis and Clark College, Portland OR"
"360","CAMIMER, Sevilla, Spain"
"361","Erasmus University, Rotterdam, The Netherlands"
"362","CRUK Cambridge Institute, Cambridge University, Cambridge, UK"
"363","Gunma University, Gunma, Japan"
"364","New York University, NY"
"365","Buck Institute, Novato CA"
"366","The Jackson Laboratory, Bar Harbor, ME"
"367","Universidad Pablo de Olavide, Seville, Spain"
"368","MHRI, Parkville, Victoria, Australia"
"369","Federation University Australia, Victoria, AUSTRALIA"
"370","University of Virginia, Charlottesville VA"
"371","Stanford University, Stanford CA"
"372","Genentech, South San Fransisco, CA"
"373","GNW, Washington University, St. Louis MO"
"374","University of Gothenburg, Goteborg, Sweden"
"375","Tsinghua University, Beijing, China"
"376","Rutgers University, Piscataway NJ"
"377","European Neuroscience Institute, Goettingen, Germany"
"378","Massachusetts General Hospital, Boston MA"
"379","Grinnell College, Grinnell IA"
"380","National University of Singapore, University Hall, Department of Biochemistry, Lee Kong Chian Wing,21 Lower Kent Ridge Road, 119077, Singapore"
"381","Columbia University, New York NY"
"382","Huazhong University, Wuhan, China"
"383","Zhejiang University, Hangzhou, China"
"384","Kyushu University, Fukuoka, Japan"
"385","Georgia Institute of Technology, Atlanta GA"
"386","IFOM, Milano, Italy"
"387","Cornell University, Ithaca, NY"
"388","University of Utah, Salt Lake City, UT"
"389","Friedrich Miescher Inst., Basel, Switzerland"
"390","LSHTM, London, UK"
"391","SKB Pharmaceuticals, King of Prussia PA"
"392","Huazhong Normal University, Wuhan, China"
"393","University of Rochester, Rochester NY"
"394","ISREC, Lausanne, Switzerland"
"395","Dept  Neuroscience, Brown University, 60 Olive Street, SFH458, Mailbox GL-N, Providence RI 02912.USA."
"396","Indiana University, Bloomington IN"
"397","Erasmus MC, Rotterdam, The Netherlands"
"398","University of Cambridge, Cambridge, UK"
"399","University of Applied Sciences, Nijmegen, The Netherlands"
"400","MPI Biophysical Chemistry, Goettingen, Germany"
"401","Harvard University, Cambridge MA"
"402","The Colorado College, Biology Department, 14 East Cache La Poudre Street, Colorado Springs, CO 80903, USA"
"403","University of Chicago, Chicago, IL"
"404","Binghamton University, Binghamton NY"
"405","Harvard Medical School, Boston MA"
"406","National Tsing Hua University, HsinChu, Taiwan"
"407","Baylor College of Medicine, Houston TX"
"408","Univ of Copenhagen, Copenhagen, Denmark"
"409","University of St Andrews, Fife, Scotland"
"410","University of Miami, Coral Gables FL"
"411","ENS de Lyon, Lyon, France"
"412","University of Houston, Houston TX"
"413","Tokyo Medical and Dental University, Tokyo, Japan"
"414","University of California, Davis CA"
"415","University of Macau, Taipa, Macau"
"416",""
"417","Rosalind Franklin University, North Chicago IL"
"418","Inst. Parasitology, Branisovska, Czech Republic"
"419","University of Illinois, Urbana IL"
"420","Cold Spring Harbor Labs, Cold Spring Harbor NY"
"421","University of Innsbruck, Innsbruck, Austria"
"422","IBMS, Soochow University, Suzhou, China"
"423","Hofstra University, Hempstead NY"
"424","Food & Drug Administration, Laurel MD"
"425","University of Southampton, Southampton, UK"
"426","Canisius College, Buffalo NY"
"427","University of Calgary, Calgary, Canada"
"428","University of Sydney, Sydney, Australia"
"429","Kyushu University, Fukuoka, Japan"
"430","University of Geneva, Geneva, Switzerland"
"431","National Institute of Genetics, Mishima, Japan"
"432","Delaware State University, Dover, DE"
"433","University of Toronto, Toronto, Canada"
"434","University of Massachusetts, Worcester MA"
"435","Setsunan University, Osaka, Japan"
"436",""
"437","Hunan University, Hunan, China"
"438","Humboldt State University, Arcata CA"
"439","Hirosaki University, Aomori, Japan"
"440","HUST, Wuhan, China"
"441","Penn State, University Park PA"
"442","Friedrich Miescher Inst, Basel, Switzerland"
"443","Wellcome Trust Sanger Institute, Cambridge UK"
"444","UMass Medical School, Worcester, MA"
"445","No.7, Science Park Road,"
"446","Perelman School of Medicine at the University of Pennsylvania, PA"
"447",""
"448","University of Glasgow, Scotland"
"449","IBDM, Marseille, France"
"450","Chinese Academy of Sciences, Beijing, China"
"451","Universitaet fuer Bodenkultur, Vienna, Austria"
"452","Queen's University, Kingston ON, Canada"
"453","IDIBELL, Barcelona, Spain"
"454","Centre Paul Broca, INSERM, Paris, France"
"455","NEMAGENETAG Consortium, IMBB, Heraklion, Crete, Greece"
"456","University of the Pacific, Stockton CA"
"457","Friedrich Miescher Institute, Basel, Switzerland"
"458","Institute of Pathology, Basel, Switzerland"
"459","Centre d'Immunologie, Marseille, France"
"460","Catedra de Imunologia, Montevideo, Uruguay"
"461","POSTECH, Pohang, South Korea"
"462","Nagoya University, Nagoya, Japan"
"463","Oklahoma Christian University, Edmond, OK"
"464","UMDNJ, Piscataway NJ"
"465","City University of New York, New York NY"
"466","UTSW Medical Center, Dallas TX"
"467","University of Chicago, Chicago IL"
"468","New England Biolabs, Ipswich MA"
"469","Research Inst,Tatarstan Academy of Sciences,Lab of Experimental Ecology, Daurskaya str., 28, Kazan, Russian Federation, 420087"
"470","University of Maryland, College Park MD"
"471","IMBB, Heraklion, Crete, Greece"
"472","Hebrew University, Jerusalem, Israel"
"473","IGBMC, Strasbourg, France"
"474","Indian Institute of Technology, Kanpur, India"
"475","Cornell University, Ithaca NY"
"476","The Salk Institute, La Jolla CA"
"477","Dept. of Biochemistry and Molecular Biology, Bloomberg School of Public Health, Johns Hopkins University,  615 N. Wolfe Street  Room E8628, Baltimore, MD 21205, USA."
"478","EMBL, Heidelberg, Germany"
"479","University of Illinois at Chicago, Chicagi, IL"
"480","UCLA, Los Angeles CA"
"481","University of Massachusetts, Worcester MA"
"482","University of Cambridge, Cambridge, England"
"483","University of Tennessee, Knoxville TN"
"484","University of Toronto, Toronto, Canada"
"485","National Cancer Center, Goyang, Korea"
"486","Buck Institute, Novato CA"
"487","UC Riverside, Riverside CA"
"488","Hunter College and The Graduate Center,City University of New York, 695 Park Ave. Room 942HN, New York NY 10065, USA"
"489","Charles University in Prague, Czech Republic"
"490","National Inst. of Genetics, Mishima, Japan"
"491","Virginia Commonwealth University, Richmond VA"
"492","Columbia University Medical Center, New York NY"
"493","University of Geneva, Geneva, Switzerland"
"494","CIBIR, Logrono, Spai"
"495","National Taiwan University, Taipei, Taiwan"
"496","McGill University, Montreal, Canada"
"497","Shanghai Institutes of Biological Sciences, Shanghia, China"
"498","niversity of Manitoba, Winnipeg, Canada"
"499","Unoversity of Chicago, Chicago, IL"
"500","Institut Jacques Monod, Paris, France"
"501","UC Santa Cruz, CA"
"502","Princeton University, Princeton NJ"
"503","Columbia University, New York NY"
"504","Southern Utah University, Cedar City, UT"
"505","UC Davis, Davis, CA"
"506","IGDR, Rennes, Fran"
"507","CRBM-CNRS, Montpellier, France"
"508","University of Louisville School of Medicine, Louisville, KY"
"509","HHMI Janelia Farm Research Campus, Ashburn VA"
"510","University of Calgary, Calgary, Alberta, Canada"
"511","University of Natural Resources, Vienna, Austria"
"512","Johns Hopkins University, Baltimore MD"
"513","Johns Hopkins University, Baltimore, MD"
"514","University of Pennsylvania, Philadelphia PA"
"515","Dept. of Pediatrics,Massachusetts General Hospital, Harvard Medical School, 55 Fruit St. GRJ1416. Boston, MA 02114. USA."
"516","Universite Claude Bernard Lyon 1, Lyon, France"
"517","FHCRC, Seattle WA"
"518","University of Helsinki, Helsinki, Finland"
"519","University of Wisconsin, Madison WI"
"520","Central Michigan University, Mount Pleasant MI"
"521","Leibniz Institute for Molecular Pharmacology, Berlin, Germany"
"522","John Carroll Univ., University Heights, OH"
"523","Stanford University, CA"
"524","Jamie University of Wisconsin, Eau Claire WI"
"525","University of Calgary, Calgary, Canada"
"526","University of Toronto, Toronto ON, Canada"
"527","University of Kent, Kent, England"
"528","University of Tokyo, Tokyo, Japan"
"529","Simon Fraser University, Burnaby BC, Canada"
"530","Jinan University, Guangzhou, China"
"531","Jet Propulsion Laboratory, Pasadena CA"
"532","Juniata College, Huntingdon PA"
"533","University College London, England"
"534","Instituto de Biologia Funcional y Genomica CSIC, Salamanca, Spain"
"535","University of Texas, Austin TX"
"536","University of Michigan, Ann Arbor MI"
"537","UC Santa Barbara, Santa Barbara CA"
"538","Biological Sciences, Butler University, 4600 Sunset Avenue, Gallahue Hall 263, Indianapolis, IN 46208, USA"
"539","University of Michigan, Ann Arbor MI"
"540","Dept Biology, Gettysburg College, 300 N. Washington Street, Gettysburg, PA  17325. USA."
"541","Washington State University, Spokane, WA"
"542","Carleton College, Northfield MN"
"543","University of Texas, Houston TX"
"544","Cornell University Medical College, New York NY"
"545","Worcester Polytechnic Institute, Worcester MA"
"546","University of Washington, Seattle WA"
"547","Institute of Biology of Ecole Normale Superieure, Paris, France"
"548","Institut Curie, Paris, France"
"549","University of Gent, Gent, Belgium"
"550","Van Andel Research Institute, Grand Rapids MI"
"551","Fuji ImmunoPharmaceuricals, Lexington MA"
"552","University of Texas, San Antonio TX"
"553","Albert Einstein College of Medicine, Bronx, NY"
"554","UCSF, San Francisco, CA"
"555","Case Western Reserve University, Cleveland OH"
"556","University of Kansas, Lawrence KS"
"557","University of Washington, Seattle, WA"
"558","Universite Claude Bernard - Lyon I, Centre de Genetique Moleculaire et Cellulaire - CNRS UMR 5534,La DOUA - Bat. Gregor Mendel 5e etage, 16 rue Dubois, 69622 Villeurbanne cedex, FRANCE"
"559","University of Dundee, Dundee, Scotland"
"560","Weill Cornell Medical College, Doha, Qatar"
"561","Zhejiang University School of Medicine,Hangzhou, Zhejiang, China"
"562","University of Missouri, Columbia MO"
"563","HKUST, Hong Kong"
"564","University of Wisconsin, Whitewater, WI"
"565","University of California, Davis CA"
"566","Osaka University, Osaka, Japan"
"567","Haverford College, Haverford PA"
"568","University of the Ryukyus, Okinawa, Japan"
"569","OMRF, Oklahoma City OK"
"570","Tokyo Medical & Dental Univ, Tokyo, Japan"
"571","Chubu University, Kasugai, Japan"
"572","DGIST, Daegu, Korea"
"573","Konan University, Kobe, Japan"
"574","University of Massachusetts, Worcester MA"
"575","Hanyang University, Seoul, Korea"
"576","Kitasato University, Tokyo, Japan"
"577","Cornell University, Ithaca NY"
"578","University of Edinburgh, Edinburgh, Scotland"
"579","Florida Atlantic University, Boca Raton FL"
"580","Eastern Mennonite University, Harrisonburg, VA"
"581","Christian-Albrechts-University of Kiel, Kiel, Germany"
"582","NIH, Bethesda MD"
"583","Wyss Institute at Harvard Medical School, Boston MA"
"584","New College of USF, Sarasota FL"
"585","Hubrecht Lab., Utrecht, The Netherlands"
"586","Massachusetts General Hospital, Boston, MA"
"587","Kwantlen Polytechnic University"
"588","UCSF, San Francisco CA"
"589","University of British Columbia, Vancouver B.C."
"590","University of Chicago, IL"
"591","Augustana College, Rock Island IL"
"592","Albany Medical College, Albany NY"
"593","UCSF, San Francisco CA"
"594","Kansas State University, Manhatten KS"
"595","UNH HCGS, Durham NH"
"596","Nagoya University, Nagoya, Japan"
"597","Nagoya University, Aichi, JAPAN"
"598","Charles University, Prague, Czech Republic"
"599","Emory University, Atlanta GA"
"600","University of Rochester, Rochester NY"
"601","East Carolina Univ, Greenville NC"
"602","Kumamoto University, Kumamoto, Japan"
"603","NIBHT, Tsukuba, Japan"
"604","Soka University, Tokyo, Japan"
"605","Manhattanville College, Purchase, NY"
"606","University of Alberta, Edmonton, Alberta"
"607","Howard Hughes Medical Institute, Rockefeller University, New York, NY"
"608","University of San Diego, San Diego CA"
"609","Harvard Medical School, Boston MA"
"610","University of Kansas, Lawrence KS"
"611","Leonard Mayo Clinic, Jacksonville FL, USA"
"612","Agnes Scott College, Decature, GA"
"613","MIT, Cambridge MA"
"614","University of Minnesota, St Paul MN"
"615","LHUP, Lock Haven PA"
"616","Chinese Academy of Science, Kunming, China"
"617","Chinese Academy of Sciences, Beijing, China"
"618","Seoul National University, Seoul, South Korea"
"619","Harvey Mudd College, Claremont CA"
"620","ARS USDA, Beltsville MD"
"621","Uppsala University, Uppsala, Sweden"
"622","Chinese Academy of Sciences, Beijing, China"
"623","Cambria Biosciences, Waltham MA"
"624","University College London, London, UK"
"625","McMaster University, Hamilton, Canada"
"626","IBP, Chinese Academy of Sciences, Beijing, China "
"627","Middle Tennessee State University, Murfreesboro TN"
"628","Marquette University, Milwaukee WI"
"629","Institute of Nutrition, Department of Nutrigenomics, Friedrich-Schiller-University Jena, Dornburger Strasse 29, Jena, 07743, Germany"
"630","Univ. of North Carolina, Chapel Hill NC"
"631","Ontario Institute for Cancer Research, Toronto, Ontario, Canada"
"632","Universite de Montreal, Montreal, Canada"
"633","Duke University, Durham NC"
"634","Brown University, Providence, RI"
"635","Universite of Lyon, Lyon, France"
"636","Katholieke Universiteit Leuven, Leuven, Belgium"
"637","ETH Zuerich, Schwerzenbach, Switzerland"
"638","San Jose State University, San Jose CA"
"639","Waksman Institute, Piscataway NJ"
"640","Emory University, Atlanta, GA"
"641","Chinese Academy of Science, Beijing, China"
"642","Lawrence University, Appleton WI"
"643","San Diego State University"
"644","Williams College, Williamstown MA"
"645","Cornell University, Ithaca NY"
"646","The Salk Institute, La Jolla CA"
"647","Huazhong University of Science and Technology, Hubei, China"
"648","Yale University, New Haven CT"
"649","Washington University, St Louis MO"
"650","ICRF, London, England"
"651","Morningside College, Sioux City IA"
"652","Vanderbilt Univ Med Center, Nashville TN"
"653","University of Minho, Braga, Portugal"
"654","University of Wisconsin, Madison WI"
"655","Leibniz Institute for Age Research/Fritz Lipmann Institute (FLI), Jena, Germany"
"656","Sanford Burnham Prebys Medical Discovery Institute, La Jolla, CA"
"657","MPI for Bioph Chemistry, Goettingen, Germany"
"658","Federal University of Sao Paulo, Brazil"
"659","University of Alberta, Edmonton, Canada"
"660","Children's Hospital of Philadelphia, Philadelphia, PA"
"661","St. Patrick's College, Maynooth, Ireland"
"662","Imperial College, London, UK "
"663","University of South Alabama, Mobile, AL"
"664","Wellcome Trust Sanger Institute, Cambridge, UK"
"665","Washington University, St Louis MO"
"666","National Institute of Diabetes and Digestive and Kidney Diseases, Bethesda, MD"
"667","Universite Lyon 1, Villeurbanne, France"
"668","Mercer University, Macon, GA 31207-0001,USA"
"669","Baylor College of Medicine, Houston TX"
"670","Dartmouth College, Hanover NH"
"671","University of Stavanger, Stavanger, Norway"
"672","University of North Carolina, Chapel Hill, NC"
"673","Fox Chase Cancer Center, Philadelphia PA"
"674","Centro de Zoologica Apl., Cordoba, Argentina"
"675","Universite de la Mediterranee, Marseille, France"
"676","University of Bristol, Bristol, UK"
"677","The Hebrew University, Jerusalem, Israel"
"678","IMP, Vienna, Austria"
"679","MGH-CHGR, Boston MA"
"680","Scripps Institute, Jupiter FL"
"681",""
"682","University of Colorada, Boulder CO"
"683","Sydney Medical School, Concord, NSW, Australia"
"684","Institut Pasteur, Paris, France"
"685","East Carolina University, Greenville NC"
"686","University of Miami, Miami, FL"
"687","ETH Zurich, Schwerzenbach, Switzerland"
"688","NEC Fundamental Research Labs, Tsukuba, Japan"
"689","University of Utah, Salt Lake City UT"
"690","Children's Hospital of Philadelphia, Philadelphia PA"
"691","Laval University, Quebec City, Canada"
"692","Agresearch, Hamilton, New Zealand"
"693","Abbott Labs, Abbott Park IL"
"694","CICMCB, Camperdown, Australia"
"695","San Jose State Univ, San Jose CA"
"696","IGBMC, Strasbourg, France"
"697","IMP, Vienna, Austria"
"698","Cornell University, Ithaca NY"
"699","University of Wisconsin, Oshkosh WI"
"700","University of Alabama, Birmingham AL"
"701","Indiana University, Bloomington IN"
"702","Merck Research Labs, Rahway NJ"
"703","The Biodesign Institute at Arizona State University, Tempe, AZ"
"704","McGill University, Montreal, Quebec, Canada"
"705","University College London, London UK"
"706","Yale School of Medicine, New Haven, CT"
"707",""
"708","Babraham Institute, Cambridge, UK"
"709","Hiroshima University, Hiroshima-ken, Japan"
"710","University of Sevilla, Spain"
"711","Weizmann Institute, Rehovot, Israel"
"712","National University of Singapore, Singapore"
"713","NYU Medical School, New York NY"
"714","McGill University, Montreal, Canada"
"715","NIBS, Beijing, P.R. China"
"716","McGill University, Montreal, Canada"
"717","Pace University, New York, NY"
"718","Vanderbilt University, Nashville, TN"
"719","CSIC-Universidad Pablo de Olavide, Sevilla, Spain"
"720","UC Riverside, Riverside CA"
"721","The Institute of Photonic Sciences, Barcelona, SPAIN"
"722","City University of New York, Brookyln, NY"
"723","Max Planck Institute for Biology of Ageing, Cologne, Germany"
"724","University of California, Berkeley, CA"
"725","University of Wisconsin, Madison WI"
"726","Saitama Cancer Center, Saitama, Japan"
"727","MIT, Cambridge MA"
"728","Simon Fraser University, 8888 University Drive, Burnaby, V5A1S6, Canada"
"729","University of Lausanne, Epalinges, Switzerland"
"730","Yale University, New Haven, CT"
"731"," Oakland University, Rochester MI"
"732","Muhlenberg College, Allentown PA"
"733","Harvard Medical School, Boston MA"
"734","Fred Hutchinson Cancer Research Center, Seattle, WA"
"735","University of Wisconsin, Madison WI"
"736","Albert Einstein College of Medicine, Bronx NY"
"737","Simon Fraser University, Burnaby BC, Canada"
"738","Zoological Institute, University Kiel"
"739","KIST, Seoul, South Korea"
"740","SW Missouri State Univ., Springfield MO"
"741","MPI-CBG, Dresden, Germany"
"742","IBBR, Naples, Italy"
"743","Harvard Medical School, Charlestown MA"
"744","Daegu Gyeongbuk Institute of Science and Technology (DGIST), Daegu, South Korea"
"745","New York Institute of Technology, Old Westbury, NY"
"746","Yonsei University, Seoul, Korea"
"747","National Brain Research Center (NBRC). Gurgaon, Haryana, India"
"748","Vanderbilt University, Nashville TN"
"749","Ontario Cancer Institute, Toronto, , ON, Canada"
"750","FDA, Washington, D.C."
"751","University of Illinois Urbana-Champaign, Urbana IL"
"752","Kwansei Gakuin University, Sanda, Japan"
"753","IBV-CSIC, Valencia, Spain"
"754","University of California, Berkeley CA"
"755"," Northeastern Illinois University, Chicago, IL"
"756","Institute of Developmental Biology and Cancer,Universite Nice - Sophia Antipolis, Parc Valrose, 06108 Nice cedex 2, France"
"757","Berlin Institute for Medical Systems Biology, Berlin, Germany"
"758","The College of New Jersey, Ewing NJ"
"759","Kyoto University, Kyoto, Japa"
"760","Johns Hopkins University, Baltimore MD"
"761","Duke University, Durham, NC"
"762","University of Michigan, Ann Arbor MI"
"763","Forestry and Forest Products research Institute, Ibaraki, Japan"
"764","Hubrecht Laboratory, Utrecht, The Netherlands"
"765","Washington University, St Louis MO"
"766","NemaMetrix, Inc. Eugene, OR"
"767","Simon Fraser University, Burnaby, Canada"
"768",""
"769","Division of Molecular Oncology, Dept Medicine, Evanston Northwestern Healthcare Research Institute,Feinberg School of Medicine, Northwestern University, 1001 University Place, Evanston, IL 60201, USA"
"770",""
"771","University of Arizona"
"772","National Institute of Drug Abuse, Suite 200, Room 06A729, 251 Bayview Blvd. Baltimore, MD 21224 USA"
"773","University of Pennsylvania, Philadelphia PA"
"774","NAIST, Nara, Japan"
"775","Axys Pharmaceuticals, South San Francisco CA"
"776","University of Toronto, Toronto, Canada"
"777","University of Leeds, Leeds, UK"
"778","Natl. Inst. for Basic Biology, Okazaki, Japan"
"779","Nagoya University, Nagoya, Japan"
"780","University of Sussex, Brighton, England"
"781","Rice University, Houston, TX"
"782","Mt. Sinai Hospital Res. Inst., Toronto, Canada"
"783","The Francis Crick Institute, London, UK"
"784","Tel Aviv University, Tel Aviv, Israel"
"785","City College of New York, NY"
"786","Duke University, Durham, NC"
"787","Worcester Polytechnic Institute, Worcester MA"
"788","California State University, Fullerton CA"
"789","INIBIBB-CONICET, Baha Blanca, Buenos Aires Province, Argentina"
"790","Osaka University, Osaka, Japan"
"791","NIDDK/NIH, Bethesda MD"
"792","NIDDK/NIH, Bethesda MD"
"793","Institute of Biochemistry and Molecular Biology, Taipei, Taiwan"
"794","UCSD, San Diego CA"
"795","Karolinska Institute, Huddinge, Sweden"
"796","University College Dublin, Dublin, Ireland"
"797","OIST, Okinawa, Japan"
"798","Children's Hospital of Pittsburgh of UPMC, Pittsburgh, PA"
"799","Columbia University, New York NY"
"800","Abdullah Gul Universit, Kayseri, Turkey"
"801","National Tsing Hua University, Hsinchu, Taiwan"
"802","University of Southern California, Los Angeles CA"
"803","University of Illinois, Chicago IL"
"804","Keio University, Kanagawa, Tokyo, Japan"
"805","University of Manchester, Manchester, England"
"806","Institute of Anatomy I, Molecular and Cellular Biology, Cologne, Germany"
"807","University of Aarhus, Aarhus, Denmark"
"808","University of Arizona, Tucson AZ"
"809","Imperial College, London, UK"
"810","Emory University, Atlanta GA"
"811","RIKEN, Yokoham, Japan"
"812","modENCODE/Yale University, New Haven CT"
"813","OpenWorm Project, San Diego, CA"
"814","ULB Neuroscience Institute (UNI), Brussels, Belgium"
"815","Rutgers University, Piscataway NJ"
"816","Rockefeller University, New York NY"
"817","University of Toledo, Toledo OH"
"818","Tohoku University, Sendai, Japan "
"819","OTN, Columbia University, New York NY"
"820","Ottawa Health Res. Inst., Ottawa, Canada"
"821","Osaka University,Osaka 565-0871, Japan"
"822","Department of Genetics,UMCG,Netherlands"
"823","UMDNJ, Piscataway NJ"
"824","Occidental College, Los Angeles CA"
"825","Jacksonville State University, Jacksonville, AL"
"826","Western Washington University, Bellingham WA"
"827","INRA, Sophia Antipolis, France"
"828","Dominican University, River Forest, IL"
"829","University of Cambridge, UK "
"830","Wright State University, Dayton OH"
"831",""
"832",""
"833","Stanford University, Stanford CA"
"834","Universiteit Gent, Gent, Belgium"
"835","University of Aberdeen, Aberdeen, Scotland"
"836","NYU, New York NY"
"837","Ecole Normale Sup. de Lyon, Lyon, France"
"838","Carthage College, Kenosha WI"
"839","Texas Christian University, Fort Worth TX"
"840","SunyBiotech Co., Ltd, Fu Jian Province, China"
"841","German Centre Neurodegenerative Diseases (DZNE) & CEASAR Research Centre, Bonn, Germany"
"842","University of Pittsburgh, Pittsburgh PA"
"843","EMBL-European Bioinformatics Institute, Cambridge, UK"
"844","King Abdullah University of Science and Technology (KAUST), Thuwal, Mekkah, Saudi Arabia"
"845","Instituto de Investigacion Biomedica de Bellvitge (IDIBELL), Barcelona, Spain"
"846","University of Bristol, Bristol UK"
"847","Pankaj  Buck Institute, Novato C"
"848","West Virginia School of Osteopathic Medicine, Lewisburg WV"
"849","University of Texas, San Antonio, TX"
"850","Peking University, Beijing, China"
"851","University of North Texas, Denton TX"
"852","University of Nevada, Reno, NV"
"853","University of Kyoto, Kyoto, Japan"
"854","UT Southwestern Medical Center, Dallas, TX"
"855","University of York, York, UK"
"856","University of Bern, Bern, Switzerland"
"857","Universidad Pablo de Olavide, Seville, Spain"
"858","MPI MCBG, Dresden, Germany"
"859","Pomona College, Claremont CA"
"860","Hamburg University, Hamburg, Germany"
"861","UCSD, La Jolla CA"
"862","University of Pittsburgh, Pittsburgh PA"
"863","Monash University, Victoria, Australia"
"864","Westfalische Wilhelms-Universitat Munster, Germany"
"865","Caltech, Pasadena CA"
"866","University of Ulm, Ravensburg, Germany"
"867","Rutgers University, Piscataway, NJ"
"868","Georgia Institute of Technology, Atlanta GA"
"869","NINDS, NIH, Bethesda MD"
"870","Peking University, Beijing, China"
"871","School of Veterinary Medicine"
"872","University of Leeds, UK"
"873","Rollins College, Winter Park, FL"
"874","National Cancer Centre, Singapore"
"875","University of Texas, Arlington TX"
"876","Brandeis University, Waltham MA"
"877","Wood Hall Western Michigan University, Kalamazoo, MI"
"878","MPI for Developmental Biology, Tuebingen, Germany"
"879","CHUL Research Centre, Quebec, Canada"
"880","Goteborg University, Goteborg, Sweden"
"881","Kyushu University, Fukuoka, Japan "
"882","Chinese Academy of Sciences, Shandong, China"
"883","Kanagawa University, Kanagawa, Japan"
"884","Georgia Institute of Technology, Atlanta, GA"
"885","New York University, New York NY"
"886","University of Queensland, St Lucia, Australia"
"887","Saitama University, Saitama, Japan"
"888","Johns Hopkins University, Baltimore, MD"
"889","King's College London, London, England"
"890","University of Warwick, Coventry, England"
"891"," University of Illinois at Chicago, Il"
"892","Magee-Womens Research Institute, Pittsburgh, PA"
"893","Rammelkamp Center, Cleveland OH"
"894","McGill University, Montreal, Canada"
"895","Iwate University, Iwate, Japan"
"896","Massachusetts General Hospital, Boston, MA"
"897","Queens College, CUNY, Flushing NY"
"898","223 Bartram Hall, PO Box 118525, University of Florida, Gainesville FL 32611-8525"
"899","University of Massachusetts, Worcester MA"
"900","UCLA, Los Angeles CA"
"901","University of California, San Diego, CA"
"902","Wayne State University, Detroit, MI"
"903"," Virginia Commonwealth University, VA"
"904","University of Florida, Gainesville, FL"
"905","University of Leeds, UK"
"906","Friedrich Miescher Institute, Basel, Switzerland."
"907",""
"908","The University of Melbourne, Victoria, Australia"
"909","FHCRC, Seattle WA"
"910","Universitat Freiburg, Freiburg, Germany"
"911","University of Virginia, Wise VA"
"912","MRC Laboratory of Molecular Biology, Cambridge, UK"
"913","CNRS-CGM, Gif-sur-Yvette, France"
"914","UCSF, San Francisco CA"
"915","UMDNJ-SOM, Stratford, NJ"
"916","Davidson College, Davidson, NC"
"917","University of Colorado, CO"
"918","LSUHSC, Shreveport LA. USA."
"919","Marquette University, Milwaukee WI"
"920","Institute of Molecular Biology (IMB), Mainz, Germany"
"921","University of Minnesota, St. Paul MN"
"922","University of Florida, Fort Lauderdale FL"
"923","Ohio State University, Columbus OH"
"924","Karolinska Institutet, Stokholm, Sweden"
"925","Technische Universitaet Muenchen.Garching, Germany"
"926","Indiana University School of Medicine, Indianapolis, IN"
"927","Imperial College London, London, England"
"928","Monash University, Victoria, Australia"
"929","Ursinus College, Collegeville PA"
"930","University of California, Davis CA"
"931","California State University, Northridge CA"
"932","Oklahoma City University, Oklahoma, OK"
"933","William Jewel College, Liberty, MO"
"934","UNAM, Mexico City, Mexico"
"935","University of Utah, Salt Lake City, UT"
"936","University of Toronto, Toronto, Canada"
"937","Haverford College, Haverford, PA"
"938","University of Massachusetts Medical School, Worcester, MA"
"939","Nationwide Children's Hospital, Columbus OH"
"940","Johns Hopkins University, Baltimore MD"
"941","MPI, Tuebingen, Germany"
"942","University of South Alabama, Mobile, AL"
"943","University of Tsukuba, Tsukuba, Japa"
"944","Rutgers University, Piscataway NJ"
"945","Dept Biological Sciences,Hunter College,CUNY,695 Park Ave, New York, NY 10065. USA."
"946","Friedrich Miescher Inst, Basel, Switzerland"
"947","University of Florida, Gainesville, FL"
"948","CARB/UMBI, Rockville MD"
"949","Hospital Universitario La Fe, Valencia, Spain"
"950","University of Washington, Seattle, WA"
"951","University of Toledo, Toledo OH"
"952","Imperial College, Silwood Park, England"
"953","Worcester Polytechnic Institute, Worcester MA"
"954","AMGEN, Cambridge MA"
"955","National University of Singapore, Singapore"
"956","Tohoku University, Sendai, Japan"
"957","Lee Kong Chian School of Medicine, Singapore"
"958","Integrated Department of Immunology & Center for Genetics and Therapeutics,National Jewish Health, 1400 Jackson St, A640, Denver, CO 80206, USA"
"959","University of California, Davis CA"
"960","Koc University, Istanbul, Turkey"
"961","Northeastern University, Boston, MA"
"962","Freie Universitaet Berlin, Berlin, Germany"
"963","Nagoya University, Nagoya, Japan"
"964","GIST, Gwangjiu, Korea"
"965","University of Washington, Seattle WA"
"966","Yale University, New Haven, CT"
"967","Santa Clara University, Santa Clara CA"
"968","University of Bergen, Bergen, Norway"
"969","Canterbury Christ Church University, Kent, UK"
"970","UCLA, Los Angeles CA"
"971","Semmelweis University, Budapest, Hungary"
"972","Stanford University, Stanford CA"
"973","University of South Florida, Tampa, FL"
"974","Howard Hughes Medical Institute, Ashburn, VA"
"975","Scripps Research Institute, La Jolla CA "
"976","Syracuse University, Syracuse NY"
"977","University of California,  San Francisco CA"
"978","Rockefeller University, New York, NY"
"979","MPI, Tuebingen, Germany"
"980","Huazhong University of Science and Technology, Hubei, China"
"981","Case Western Reserve University, Cleveland OH"
"982","University of Toronto, Toronto ON, Canada"
"983","University of Edinburgh, Edinburgh, Scotland"
"984","Schering-Plough Research Inst., Kenilworth NJ"
"985","USTC, Hefei, China"
"986","Bar-Ilan University, Ramat-Gan, Israel"
"987","Zhejiang University, Hangzhou, Zhejiang, China"
"988","Skirball Institute, New York NY"
"989","Chang Gung University, Taiwan"
"990","Saint Joseph's University, PA"
"991","The University of Queensland, St Lucia, Australia"
"992","University of Nevada, Reno, NV"
"993","Harvard University, Boston MA"
"994","KRIBB, Chungbuk, Korea"
"995","Emory University, Atlanta GA"
"996","University of Tsukuba, Ibaraki, Japan"
"997","Barshop Institute, UTHSC, San Antonio TX"
"998","National Institute of Biomedical Imaging and Bioengineering, Bethesda, MD"
"999","Department of Molecular and Cellular Biology,Harvard University, 16 Divinity Ave, Cambridge, MA 02138.USA."
"1000","Zhejiang University, Hanzhou, China"
"1001","Bharathiar University, Coimbatore, India"
"1002","Northwestern University, Evanston IL"
"1003","Touro University-California, CA"
"1004","The College of New Jersey, Ewing NJ"
"1005","Shaanxi Normal University, Shaanxi Province, China"
"1006","University of Minho, Braga, Portugal"
"1007","Capital Normal University, Beijing, China"
"1008","University of Minnesota, St. Paul MN"
"1009","University of Southern California, CA"
"1010","National Taiwan University, Taipei, Taiwan"
"1011","St. Peter's University, Jersey City, NJ"
"1012","McGenome LLC, IL"
"1013","Shanghai Institutes for Biological Sciences, Shanghai, China"
"1014","University of Arkansas, Little Rock AR"
"1015","Harvard Stem Cell Institute, Cambridge MA"
"1016","Sri Ramachandra University, Chennai, India"
"1017","University of California, Santa Cruz, CA"
"1018","Department of Biology Room 450,University of Iowa, Iowa City, IA 52240, USA."
"1019","Chongqing University, Chongqing, China"
"1020","Scripps Research Institute, La Jolla CA"
"1021","Nagoya University, Nagoya, Japan"
"1022","University of Basel, Basel, Switzerland"
"1023","University of British Columbia (UBC),Room 3018,950 West 28th Avenue,Vancouver BC V5Z 4H4,Canada"
"1024","Utrecht University, Utrecht, The Netherlands"
"1025","University of Wisconsin, Madison WI"
"1026","Instituto de Neurociencias, Alicante, Spain"
"1027","MGH, Charlestown MA"
"1028","Universidad de Sevilla, Sevilla, Spain"
"1029","FHCRC, Seattle WA"
"1030","University of California, Riverside CA"
"1031","Massachusetts Institute of Technology, Cambridge, MA"
"1032","Technische Universitat Dresden, Dresden, Germany"
"1033","University of Cambridge, Cambridge, England"
"1034","will be University of Illinois, Chicago IL"
"1035","Shanghai Institutes for Biological Sciences, Shanghai, China"
"1036","Chinese Academy of Sciences, Beijing, China"
"1037","University of California, Santa Cruz CA"
"1038","Oberlin College, Oberlin OH"
"1039","Colorado State University, Fort Collins, CO "
"1040","Karolinska Institutet, Huddinge, Sweden"
"1041","UMCU, Utrecht, The Netherlands"
"1042","University of Liverpool, Liverpool UK"
"1043","TrySci Community Biolabs, Independence, MO"
"1044","Forsyth Dental Center, Boston MA"
"1045","UCHSC, Denver CO"
"1046","Imperial College, London, UK"
"1047","NEC Fundamental Research Labs, Tsukuba, Japan"
"1048","MSI/WTB Complex, University of Dundee, UK"
"1049","Drexel University, Philadelphia PA"
"1050","Max Planck Institute of Molecular Cell Biology and Genetics; Dresden, Germany"
"1051","MPI Dresden, Germany"
"1052","University of Colorada, Boulder CO"
"1053","Tokai University Med. School, Kanagawa, Japan"
"1054","University of Tsukuba, Tsukuba, Japan"
"1055","University of California, San Francisco CA"
"1056","Texas Woman's University, Denton, TX"
"1057","Tokyo Met. Inst. Ger., Tokyo, Japan"
"1058","University of Cologne, Cologne, Germany"
"1059","Biozentrum der LMU Mnchen, Planegg-Martinsried, Germany"
"1060","University of Mary Washington, Fredericksburg VA"
"1061","Technische Universitaet, Dresden, Germany"
"1062","Kanazawa University, Ishikawa, Japan"
"1063","Iwate University, Morioka, Iwate, Japan"
"1064","NJIT, Newark NJ"
"1065","University of Glasgow, Scotland"
"1066","Life Sciences Institute"
"1067","University of Wisconsin, Madison WI"
"1068","MPI-CBG, Dresden, Germany"
"1069","Chris Murray State Univ, Murray KY"
"1070","UBC, Vancouver BC, Canada"
"1071","Forestry and Forest Products Research Institute, Ibaraki, Japan"
"1072","Tata Institute of Fundamental Research, Mumbai, India"
"1073","Eotvos Lorand University, Budapest, Hungary"
"1074","Columbia University, New York NY"
"1075","Stanford University, Stanford, CA"
"1076","University of New Hampshire, Durham NH"
"1077","Ithaca College, Ithaca NY"
"1078","Academia Sinica, Taipei, Taiwan"
"1079","Whitman College, Walla Walla, WA"
"1080","UTSW Medical Center, Dallas TX"
"1081","Chinese Academy of Sciences, Beijing, China"
"1082","University of California, Berkeley CA"
"1083","CSIRO Entomology, Canberra, Australia"
"1084","University of Alabama, Tuscaloosa AL"
"1085","Union Biometrica, Holliston MA"
"1086","Northwestern University, Chicago, IL"
"1087","UC Davis, Davis CA"
"1088","University of Delaware, Newark, DE"
"1089","Cold Spring Harbor Laboratory, Cold Spring Harbor, NY"
"1090","Durham University, Durham, UK"
"1091","Devgen NV, Zwijnaarde, Belgium"
"1092","Universidad de Granada, Granada, Spain"
"1093","Macau, Macao SAR China"
"1094","University Health Network, Toronto, ON, Canada"
"1095","The University of British Columbia, Vancouver, Canada"
"1096","University College, London, England"
"1097","University of Leeds, Leeds, England"
"1098","University of Montreal, Montreal, Canada"
"1099","University of Montana, Missoula MT"
"1100","Northeastern University, Boston MA"
"1101","The University of Tokyo, Tokyo, Japan"
"1102","University of Pennsylvania, PA"
"1103","University of Queensland, St Lucia, Australia"
"1104","Universite du Quebec a Montreal, Quebec, Canada"
"1105","University of Rochester, Rochester NY"
"1106","Ursinus College, Collegeville PA"
"1107","University of South California, Los Angeles, CA"
"1108","University of Toronto, Toronto, Canada"
"1109","University of Texas Arlington, TX"
"1110","University of Tokyo, Tokyo, Japan"
"1111","Universite du Quebec a Trois-Rivieres, Quebec, Canada"
"1112","University of Texas at Austin, Austin, TX"
"1113","University of Utah, Salt Lake City UT"
"1114","University of Vienna, Vienna, Austria"
"1115","University of Winnipeg, Winnipeg, Canada"
"1116","University of Utah, Salt Lake City UT"
"1117","Kansas State University, Manhattan, KS"
"1118","University of Utah, Salt Lake City UT"
"1119","Trinity Western University, Langley, Canada"
"1120","Universidade Federal de Minas Gerais, Belo Horizonte, Brazil"
"1121","University of Umea, Sweden"
"1122","IBDML, Marseille, France"
"1123","C. elegans Reverse Genetics Core Facility, Vancouver, B.C., Canada"
"1124","Syracuse University, Syracuse NY"
"1125","University of Nevada, Reno NV"
"1126","Newcastle University, Newcastle, England"
"1127","University of Iowa, Iowa City, IA"
"1128","Cornell University, Ithaca, NY"
"1129","Cornell University, Ithaca NY"
"1130","University of British Columbia, Vancouver, Canada"
"1131","Simon Fraser University, Burnaby, Canada"
"1132","Equipe Dynamique Nucleaire et Developpement,UMR CNRS 7622, Biologie du Developpement, Case 24, Universite Pierre et Marie Curie,9 quai Saint-Bernard, 75252 PARIS Cedex 05, FRANCE."
"1133","Villanova University, Villanova, PA"
"1134","MGH, Boston MA"
"1135","Washington University School of Medicine, St Louis, MO"
"1136","University of Massachusetts, Worcester MA"
"1137","University of Utah, Salt Lake City UT"
"1138","Centre for Addiction & Mental Health"
"1139","Mount Desert Island Biological Laboratory ME"
"1140","University of Alabama, Birmingham AL"
"1141","Department of Neurobiology, University of Massachusetts Medical School, 55 Lake Avenue North,  Worcester, Massachusetts 01655,  USA"
"1142","University of Virginia, Charlottesville VA"
"1143","Hong Kong University of Science and Technology, Kowloon, Hong Kong"
"1144","University of Massachusetts Medical School, Worcester MA"
"1145","Vanderbilt Univ Med Center, Nashville TN"
"1146","The Scripps Research Institute, La Jolla CA"
"1147","The University of Tennessee Health Science Center, Memphis, TN"
"1148","Dartmouth Medical School"
"1149","Western Washington University, Bellingham WA"
"1150","University of Toronto, Toronto, Canada"
"1151","Instituto de Biomedicina de Sevilla (IBIS-CSIC), Sevilla, Spain"
"1152","University of New Hampshire, Durham NH"
"1153","Umass Medical School, Worcester, MA"
"1154","Polish Academy of Sciences, Warsaw, Poland"
"1155","University of Illinois, Urbana IL"
"1156","Carnegie Institution for Science, Stanford CA"
"1157","Harvard School of Public Health, Boston MA"
"1158","Universite de Bordeaux, Bordeaux, France"
"1159","Tilmann,Christopher Loyola College, Baltimore MD"
"1160","Universidad Mayor, Santiago, Chile"
"1161","Hospital for Sick Children, Toronto, Canada"
"1162","Howard University, Washington, DC"
"1163","Southeast University, Nanjing, China"
"1164","Genentech Inc., South San Francisco CA"
"1165","Rudolf-Virchow-Zentrum, Wrzburg, Germany"
"1166","University of Science and Technology of China, Hefei, China"
"1167","Indiana University, Bloomington IN"
"1168","King Abdullah University of Science and Technology, Thuwal, Saudi Arabia"
"1169","La Trobe University, Victoria, Australia"
"1170","University of Wisconsin, Madison WI"
"1171","Johnathan Harvard Medical School, Boston MA"
"1172","University of Lausannne, Lausanne, Switzerland"
"1173","University of Minnesota, St. Paul MN"
"1174","University of California, Santa Cruz, CA"
"1175","University of Kentucky, Lexington KY"
"1176","Iwate University, Iwate, Japan"
"1177","AstraZeneca R&D, Molndal, Sweden"
"1178","Batiment Buffon, Paris-Diderot University,  75205 Paris Cedex 13, France"
"1179","Boston University School of Medicine, Boston MA"
"1180","University of Massachusetts, Worcester MA"
"1181","University of Southern California, Los Angeles, CA"
"1182","University of Wageningen, Wageningen, The Netherlands"
"1183","Colorado State University, Fort Collins, CO"
"1184","University of Manitoba, Canada"
"1185","Washington University, St Louis MO"
"1186","The College of Wooster, Wooster OH"
"1187","UMass Medical School, Worcester MA, USA"
"1188","University of Zurich, Zurich, Switzerland"
"1189","University of Toronto, Ontario, Canada"
"1190","ANU, Canberra, Australia"
"1191","Washington University, St. Louis MO"
"1192","Washington University School of Medicine, St. Louis, MO"
"1193","New Mexico State University, Las Cruces NM"
"1194","University of Manitoba, Winnipeg, Canada"
"1195","Rice University, Houston TX"
"1196","Boston College, Boston MA"
"1197","University of Wyoming, Laramie WY"
"1198","University of Hong Kong, Hong Kong, China"
"1199","Burnham Institute, La Jolla, CA"
"1200","CGC, Sanger Institute, Cambridge, England"
"1201","University of Calgary, Alberta, Canada"
"1202","Department of Biology"
"1203","GDB, Chinese Academy of Sciences, Beijing, China"
"1204","Yale University, New Haven CT"
"1205","Hubrecht Laboratory, Utrecht, The Netherlands"
"1206","Genoplex Inc., Denver CO"
"1207","National Institute of Health Sciences, Tokyo, Japan"
"1208","Eastern Michigan University, Ypsilanti, MI"
"1209","Tsinghua University, Beijing, China"
"1210","HHMI Janelia Farm Research Campus, Ashburn VA"
"1211","Auburn University of Montgomery, Montgomery, AL"
"1212","University of Oregon, Eugene OR"
"1213","University of Alabama, Birmingham AL"
"1214","The Scripps Research Institute, FL"
"1215","University of Illinois at Chicago, Chicago, IL"
"1216","Central Connecticut State University, New Britain CT"
"1217","Universite de Montreal, Quebec, Canada"
"1218","Sloan Kettering Institute, New York NY"
"1219","University of Toledo, Toledo, OH"
"1220","Guangxi Academy of Sciences, Nanning, Guangxi, China"
"1221","Leiden University, Leiden, The Netherlands"
"1222","Xavier University of Louisiana, New Orleans LA"
"1223","Central Michigan University, Mt Pleasant MI"
"1224","NIBS, Beijing, China"
"1225","Capital Normal University, Beijing, China"
"1226","University of Kansas, Lawrence KS"
"1227","EleGene, Martinsried, Germany"
"1228","University of Washington, Seattle WA"
"1229","Department of Chemistry and Chemical Biology, Harvard University, 12 Oxford Street, Cambridge, MA"
"1230","University of North Carolina, Chapel Hill NC"
"1231","RIKEN, Wako, Japan"
"1232","Yunnan University, Kunming, China"
"1233","The Children's Hospital of Philadelphia, Philadelphia, PA"
"1234","University of Tokyo, Tokyo, Japan"
"1235","The Hebrew University of Jerusalem, Jerusalem, Israel"
"1236","Yokohama City University, Yokohama, Japan"
"1237","Molecular Cancer Biology Program & Institute of Biomedicine, Biomedicum Helsinki,University of Helsinki, PO Box 63, Haartmaninkatu 8, FIN-00014 Helsinki, Finland"
"1238","University of Michigan, MI"
"1239","NCDA&CS, Raleigh NC"
"1240","York University, Toronto, Canada"
"1241","Hebrew Univ.of Jerusalem, Jerusalem, Israel"
"1242","University of Alabama, Birmingham AL"
"1243","Konkuk University, Seoul, Korea"
"1244","Virginia Commonwealth University, Richmond VA"
"1245","National Institute of Genetics, Mishima, Japan"
"1246","Johns Hopkins University, Baltimore, MD"
"1247","Yale University, New Haven CT"
"1248","University of Tokyo, Tokyo, Japan"
"1249","Xiamen University, Xiamen, Fujian, China"
"1250","SUNY, Albany NY"
"1251","Saga University, Saga, Japan"
"1252"," Yonsei University, Seoul, Korea"
"1253","National Cheng Kung University, Department of Biochemistry and Molecular Biology, No.1 University Rd., Tainan 701, Taiwan"
"1254","University of Alabama, Birmingham AL"
"1255","Northwestern University, Evanston, IL"
"1256","Harvard Medical School, Boston MA"
"1257","Kanagawa University of Human Services; Yokosuka, Japan"
"1258","Truman State University, Kirksville MO"
"1259","Yonsei University, Seoul, Korea"
"1260","Tongji University, Shanghai, China"
"1261","National Taiwan University, Taiwan"
"1262","University of Pennsylvania, Philadelphia PA"
"1263","Harvard Medical School, Boston MA"
"1264","Ryerson University, Toronto, Canada"
"1265","UCLA, Los Angeles CA"
"1266","University of Wisconsin-Madison, Madison, WI"
"1267","Biozentrum der LMU Muenchen, Planegg-Martinsried, Germany"
"1268","The Hebrew University of Jerusalem, Jerusalem, Israel"
"1269","Rutgers University, Piscataway NJ"
"1270","Harvard University, Cambridge MA"
"1271","MIT, Cambridge MA"
"1272","Northwestern University Med School, Chicago IL"
"1273","Department of Biochemistry, Room: MD4A #02-03,National University of Singapore, Singapore 117597"
"1274","Iowa State University, Ames IA"
"1275","Baylor College of Medicine, Houston TX"
"1276","Shanghai Tech University, Shanghai, China"
"1277","State Key Laboratory of Biotherapy, West China Center of Medical Sciences, Sichuan University, Chendu, China"
"1278","Aston University, Birmingham, England"
"1279","IMP, Vienna, Austria"
"1280","Hokkaido University, Sapporo, Japan"
"1281","Seattle Children's Hospital Research Institute, Seattle, WA"
"1282","Texas A&M University, College Station TX"
"1283","Samuel Lunenfeld Res Inst, Toronto, Canada"
"1284","Virginia Commonwealth University, Richmond VA, USA"
"1285","ShanghaiTech University, Shanghai, China"
"1286","Mayo Clinic, Rochester MN"
"1287","zpincus@wustl.edu"
"1288","Zhejiang University, Hangzhou, China"
"1289","California State Polytechnic Univ, Pomona CA"
"1290","European Inst. of Oncology, Milano, Italy"
"1291","King's College London, London, UK"
"1292","Kyoto University, Kyoto, Japan"
"1293","The University of Queensland, Brisbane, Queensland Australia"
"1294","ETH Hoenggerberg, Zuerich, Switzerland"
"1295","University of Houston, Houston TX"
"1296","University of Connecticut, Farmington CT"
"1297","University Frankfurt, Frankfurt, Germany"
"1298","Huazhong University, Hubei, China"
"1299","California State Univ., San Bernardino CA"
"1300","University of Texas, San Antonio TX"
"1301","Hong Kong Baptist University, Hong Kong, China"
